<?xml version="1.0" encoding="UTF-8"?>
<project-private xmlns="http://www.netbeans.org/ns/project-private/1">
    <editor-bookmarks xmlns="http://www.netbeans.org/ns/editor-bookmarks/2" lastBookmarkId="0"/>
    <open-files xmlns="http://www.netbeans.org/ns/projectui-open-files/2">
        <group>
            <file>file:/C:/Users/Yanit/Desktop/8vo%20Semestre/Automatas/Analizador-Lex-ÑQ/src/Lexico/identificador.java</file>
            <file>file:/C:/Users/Yanit/Desktop/8vo%20Semestre/Automatas/Analizador-Lex-ÑQ/src/Lexico/Main.java</file>
            <file>file:/C:/Users/Yanit/Desktop/8vo%20Semestre/Automatas/Analizador-Lex-ÑQ/src/Lexico/ide.java</file>
            <file>file:/C:/Users/Yanit/Desktop/8vo%20Semestre/Automatas/Analizador-Lex-ÑQ/src/Lexico/JFrameCanvas.java</file>
            <file>file:/C:/Users/Yanit/Desktop/8vo%20Semestre/Automatas/Analizador-Lex-ÑQ/src/Lexico/Lexer.java</file>
            <file>file:/C:/Users/Yanit/Desktop/8vo%20Semestre/Automatas/Analizador-Lex-ÑQ/src/Lexico/GestionFichero.java</file>
            <file>file:/C:/Users/Yanit/Desktop/8vo%20Semestre/Automatas/Analizador-Lex-ÑQ/src/Lexico/Lexer.flex</file>
            <file>file:/C:/Users/Yanit/Desktop/8vo%20Semestre/Automatas/Analizador-Lex-ÑQ/src/Lexico/Token.java</file>
        </group>
    </open-files>
</project-private>
